"id","name","parent_id","description","identifier","created_on"
1,"IBUSZ tender",33,"","ibusz-tender","2013-11-18 12:02:09"
2,"story board",1,"","story-board","2013-11-18 12:06:22"
3,"Livis",11,"","livis","2013-11-18 12:59:45"
4,"Naex",96,"","naex","2013-11-19 00:28:51"
5,"JEDE",96,"","jede","2013-11-19 10:51:17"
7,"Le Manége de Dully",17,"<p>Website ingatlanok értékesítéséhez</p>","le-manege-de-dully","2013-11-19 12:50:08"
8,"8 Ways Media",17,"","ways-media","2013-11-19 12:50:57"
10,"koffeinshop",5,"","koffeinshop","2013-11-20 10:35:10"
11,"Liveinfo",96,"<p>liveinfo.tv site és az ügyfélhez tartozó napi feladatok.</p>","liveinfo","2013-11-20 10:46:29"
13,"Mahartlog",96,"<p>Weboldal folyami és szárazföldi szállítmányozással foglalkozó cégnek.</p>","mahart","2013-11-20 14:27:28"
14,"képeslap",13,"","kepeslap","2013-11-20 14:29:22"
16,"GRS Recruitment",17,"<p>New website for GRS Recruitment.</p>","grs-recruitment","2013-11-20 17:39:38"
17,"8 Ways",NULL,"<p>8 ways:<br /><a class=\"email\" href=\"mailto:r.chamat@8ways.ch\">r.chamat@8ways.ch</a></p>","ways","2013-11-20 18:04:16"
18,"JedeCRM",96,"<p><a class=\"external\" href=\"http://jedecrm.web02.dev7.gbart.hu/login.php\">http://jedecrm.web02.dev7.gbart.hu/login.php</a><br />Jedeadmin<br />Jedecrm</p>","jedecrm","2013-11-20 21:04:43"
19,"XCopy",96,"","xcopy","2013-11-21 10:36:20"
20,"landing page",19,"<p><a class=\"external\" href=\"http://ingyenkavegep.hu/\">http://ingyenkavegep.hu/</a> mintájára független (nem jöhet le, hogy ez az xcopy-hoz köthető)ajánlatkérő landing page-t kell készítenünk.</p>","landing-page","2013-11-21 10:40:28"
21,"Visite Privée",17,"<p>New website for a home deco company.</p>","visite-privee","2013-11-21 15:22:15"
22,"NTT-2000",96,"","ntt-2000","2013-11-21 16:17:36"
23,"NTT website",22,"<p>ntt-2000 gyűjtőoldal</p>","ntt-website","2013-11-21 16:19:19"
24,"Árpi feladatok",96,"<p>Árpitól átvett kisebb munkák</p>","arpi-feladatok","2013-11-22 12:16:26"
25,"Aesthetica minisite",24,"<p>Akciós minisite tervezése az <a class=\"external\" href=\"http://www.aesthetica.hu/\">http://www.aesthetica.hu/</a> oldalhoz.</p>","aesthetica-minisite","2013-11-22 12:18:04"
26,"BPPI hírlevél tervezés",24,"","bppi-hirlevel-tervezes","2013-11-22 12:36:25"
27,"Budapest Klinikken",96,"","budapest-klinikken","2013-11-25 14:40:30"
28,"Weboldal javítások",27,"","weboldal-javitasok","2013-11-25 14:44:58"
29,"Weboldal template javítása",27,"","weboldal-template-javitasa","2013-11-25 14:55:56"
30,"LimeSurvey template",27,"<p>Ügyfél saját szerveren üzemelteti a kérdőív generátor rendszert, ehhez kaptunk  hozzáférést (átküldve), ebbe kell létrehozni egy template-et, ami tartalmaz minden elemet egyedi űrlapok generálásához.</p>","limesurvey-template","2013-11-25 15:06:03"
31,"osTicket template",27,"<p>Ügyfél ezt használja ügyfélszolgálathoz, csak a régi verzióját. Január elején fog frissíteni az 1.8-as verzióra, addig el kell készülnünk egy új template-tel, amit majd ő rá fog illeszteni a saját rendszerére.</p>","osticket-template","2013-11-25 15:12:43"
32,"myOpelService",33,"","myopelservice","2013-11-26 15:14:28"
33,"Rewart",96,"","rewart","2013-11-27 12:38:02"
34,"Facebok conversation tracking",27,"","facebok-conversation-tracking","2013-11-28 10:29:15"
35,"Alcor",96,"","alcor","2013-11-28 10:35:17"
36,"HaverVagy",96,"","havervagy","2013-11-28 23:22:26"
37,"weboldal módosítása",19,"","weboldal-modositasa","2013-12-03 10:00:58"
38,"Reklámzabálók",96,"","reklamzabalok","2013-12-06 12:47:53"
39,"DEV",NULL,"<p>általános fejlesztési okosságok, trükkök, cheatsheet, források</p>","dev","2013-12-07 12:31:14"
40,"NTH",96,"","nth","2013-12-10 13:01:10"
42,"Cartier Swiss",17,"<p>150 éves csokoládé manufaktúra.</p><p>Új logo és oldal készítése.</p>","cartier-swiss","2013-12-10 17:33:54"
43,"PerfectTransfer",96,"<p>Budapest-Szeged közötti utaztatás fix időpontos indulással, előre definiált útvonalakon</p>","perfecttransfer","2013-12-11 14:01:16"
44,"weboldal",43,"","weboldal","2013-12-11 14:02:56"
45,"Cokemaci",81,"","cokemaci","2013-12-12 12:49:02"
46,"Cin Cin Amica",96,"<p>Cin Cin Amica - cipős webshop</p>","cca","2013-12-13 13:26:22"
47,"Játékmester",56,"","jatekmester","2013-12-13 17:21:20"
48,"de Grisogono",17,"<p>Új design készítése luxus ékszereket forgalmazó üzlet weboldalának.</p>","de-grisogono","2013-12-16 12:20:56"
49,"Pascal Huni",17,"<p>Új design építész iroda meglévő oldalához, korábbi munkáik bemutatására.</p>","pascal-huni","2013-12-16 12:23:51"
50,"NORIBAT SA",17,"<p>Új logo és új weboldal készítése festéssel és belső építészettel/kivitelezéssel foglalkozó cégnek.</p>","noribat-sa","2013-12-16 12:31:28"
51,"Delman",17,"<p>Meglévő oldal újradesignolása.</p>","delman","2013-12-16 12:32:27"
52,"Sylva",96,"","sylva","2013-12-16 18:07:17"
53,"NKEK",52,"<p>Egy karácsonyi eDM, mindösszesen. :)</p>","nkek","2013-12-16 18:07:57"
54,"Riskpartners",96,"","riskpartners","2013-12-17 11:25:14"
55,"Tescomobile",96,"","tescomobile","2013-12-17 11:51:49"
56,"Brightly",96,"","brightly","2013-12-18 10:13:36"
57,"Davidoff Brothers",17,"<p>Új logo és weboldal luxus órákat forgalmazó bemutatóteremnek.</p>","davidoff-brothers","2013-12-19 15:48:52"
58,"Mercato webshop",96,"","mercato-webshop","2014-01-07 11:25:42"
59,"WMACi",56,"","wmaci","2014-01-10 16:36:54"
60,"Profield",56,"","profield","2014-01-17 17:54:06"
62,"Postapont",56,"","postapont","2014-01-22 16:01:55"
63,"Postapont Fórum",62,"","postapont-forum","2014-01-22 16:19:24"
64,"Heliforce",96,"<p>Nyitó:</p><p>facebook, youtube ikon<br />lapozóval vannak hibák.<br />Olyan lapozó kell, ami csúsztatja, és nem ilyen hirtelen vált<br />a lapozó pöttyöket jobban kiemelni<br />A flekk is link legyen, az egész</p><p>Ne legyen sorkizárt a 3 kiemelt pirosnál<br />- A nyilak igazíátsa sem jó</p><p>Partnerek logók - megtervezése, ne legyen alapból szürke rajta<br />Szolgáltatások sortáv</p><p>Nem a végleges design alapján készült<br />fontcsere sem ártana<br />logó sem éles</p><p>Rólunk:<br />Kell olyan template, ami teljes szélességű</p><p>Referenciák:<br />- nem kell ide a jobb oldali kép<br />- nem linkel semelyik, de vagy táblázat legyen, vagy valahogy jobb megjelenítéssel</p><p>Gépparkunk - szövegbe is beszúrni több galéria</p><p>Cégtörténet<br />- build nem jó, kellene csúszkás változat. A blokk szövegméret alapján nyúljon</p><p>Szolgáltatások:<br />- breadcrumb (felső kenyérszöveg)</p><p>Reszpó nem kell, de cokelidl féle...</p><p>2 landing page-t kell tervezni.</p><p>Extrém helikopterezésnél és a bungee jumpingnál kell kosár, repülési időpont</p><p>Force</p>","heliforce","2014-01-23 17:02:51"
65,"API",62,"<p>API-val kapcsolatos kérése, kérdések</p>","api","2014-01-27 13:49:54"
66,"ICDO",17,"<p>Az ENSZ katasztrófavédelmi szervezetének weboldalának megújítása.</p>","icdo","2014-01-28 10:39:12"
67,"Reisner Frank & Partner",96,"<p>Feladat: redesign.</p><p>RFP (Reisner, Frank und Partner) is an office of engineers and management consultants in the field of big gastronomy companies.<br />We are among the three biggest companies of such kind in Germany and have a very strong and good reputation.<br />Among our clients are actually almost all big and well known national and international companies in Germany. For them we not only did plan their kitchen and  guest room facilities (with frontline cooking etc.), but we did also consult them in the very beginning about economic and general food issues. We also help them with finding the right caterers by making the appropriate tenders and search the right partners on the market. We make the business plans, help them to improve their finances by choosing the right type of catering and much much more.</p>","reisner-frank-partner","2014-01-31 13:22:49"
68,"Fairfax Yeaman",17,"<p>Fairfax Yeaman Ltd specializes in the outsourcing of Bookkeeping, Accounting and Payroll services and offers a cost-effective strategy that saves companies time, staff and infrastructure costs.</p><p>1)      Simple site design by Mate.</p><p>2)      Subscription Box</p><p>3)      Contact module + Mailchimp.</p>","fairfax-yeaman","2014-02-06 16:45:42"
69,"Logitech",96,"<p>logitech promó G szériára</p>","logi-g","2014-02-10 14:43:29"
70,"Bonduelle - a mi zöldségesünk",33,"","bonduelle-a-mi-zoeldsegesuenk","2014-02-10 18:32:44"
71,"FX Career",17,"<p>Új oldal készítése, ahol az online.fxcareer integrálva van.</p><p>1) max 10 pages of content including a page for the course syllabus/timetable</p><p>2) student area – password login for content</p><p>3) contact form and simple CRM to collect leads/data on applicants that are interested in taking the course</p><p>4) payment area to accept payments from students for course fees</p><p>5) integrate <a class=\"external\" href=\"http://www.online.fxcareers.com\">www.online.fxcareers.com</a> into the site so we can sell access to the online course videos.</p>","fx-career","2014-02-13 14:16:58"
72,"Leasing market",96,"","leasing-market","2014-02-17 16:45:24"
75,"Kattanj rá és nyerj!",69,"","kattanj-ra-es-nyerj","2014-02-20 18:44:30"
76,"Nivea ",33,"","nivea","2014-02-24 16:00:11"
77,"Nivea promóciós site",76,"","nivea-promocios-site","2014-02-24 16:02:07"
79,"Lacom",96,"","lacom","2014-02-26 16:21:34"
80,"Signoart studio",96,"<p>chezen található a <strong><a class=\"external\" href=\"http://www.signoartstudio.hu\">www.signoartstudio.hu</a></strong> mappában.<br />Arra figyeljetek, hogy ez nem egyenlő a <a class=\"external\" href=\"http://www.signoart.hu-val\">www.signoart.hu-val</a>!!!<br />Ez két különböző projekt.</p><p>Admin felület:</p><p>admin.signoartstudio.hu<br />user: gbadmin    <br />pass: 2vg4p635</p>","signoart-studio","2014-03-03 12:05:30"
81,"Coca-Cola",33,"","coca-cola","2014-03-04 17:39:30"
82,"Coke FIFA",81,"","coke-fifa","2014-03-04 17:40:48"
83,"Coke BURN",81,"","coke-burn","2014-03-04 19:12:28"
84,"Főgáz",52,"","fogaz","2014-03-05 12:42:14"
85,"Curzon Land",17,"<p>Ingatlan befektető cég weboldala</p>","curzon-land","2014-03-07 16:18:17"
86,"Antenna Hungária",33,"","antenna-hungaria","2014-03-11 11:28:24"
88,"LED plafon",350,"","led-plafon","2014-03-13 13:54:12"
89,"HaverVagy v2",36,"","havervagy-v2","2014-03-17 19:14:39"
90,"VGA Law",17,"<p>Redesign</p>","vga-law","2014-03-18 18:06:21"
91,"Assaha",17,"<p>Libanoni étterem új weboldala online étlappal és ételrendeléssel.</p>","assaha","2014-03-19 09:57:38"
92,"Everstate",17,"<p>Pascal Hünis építész különböző szolgáltatásait bemutató oldal.</p>","everstate","2014-03-19 10:24:49"
93,"Le Lumia",17,"<p>Apartman ház weboldala</p>","le-lumia","2014-03-19 10:41:31"
94,"Pick szeged",56,"","pick-szeged","2014-03-20 13:09:03"
95,"Opel játék",32,"","opel-promo","2014-03-20 17:24:26"
96,"GBaRT",NULL,"<p>A Projekt célja az, hogy a munkák során megszerzett tapasztalatokat, jó gyakorlatokat, és irányelveket megosszuk egymással, közös és egységes helyre lejegyezzük.</p><p>A Projekten belül definiált feladatokat tekintsük úgy, mint a működéssel (fejlesztési, grafikai, szervezési, kommunikációval...) kapcsolatos általános módosítások és átalakítások, később fenntartandó irányelvek jegyzéke, a wiki-ben pedig rögzítsünk minden általános információt, aminek eddig nem találtunk helyet.</p>","gbart","2014-03-20 22:19:29"
97,"Profield - PMK",60,"<p>Sitebuild: <a class=\"external\" href=\"http://www.gbart.hu/sitebuild/pmkk\">www.gbart.hu/sitebuild/pmkk</a></p><p>Meg kellene tervezni a Profield munkaerőkölcsönző oldal tervét.<br />Pendrive-ot odatettem az asztalodra Máté, ebben a mappában vannak az elemek, amiket használni tudsz: Profield_MKK</p><p>A weblap domainje, itt egyelőre ideiglenes oldal látható: <a class=\"external\" href=\"http://www.profieldkolcsonzo.hu\">www.profieldkolcsonzo.hu</a><br />A logó az fix.</p><p>Belinkelem néhány konkurens weblapját is, mert a tartalom és az elrendezés nagyjából náluk is megegyezik:<br /><a class=\"external\" href=\"http://www.delego.hu/\">http://www.delego.hu/</a><br /><a class=\"external\" href=\"http://www.workwayclub.hu/\">http://www.workwayclub.hu/</a><br /><a class=\"external\" href=\"http://www.workforce.hu/view/main/10.html\">http://www.workforce.hu/view/main/10.html</a></p><p>A Prohumanos oldalt szeretnék gyakorlatilag lebutítani, leegyszerűsíteni és egy új design-t adni neki: <a class=\"external\" href=\"http://www.prohuman.hu\">www.prohuman.hu</a></p><p>Csatoltam a weboldal \"sitecopy\"-ját, még nem teljes, de ezt használjuk.<br />Csatoltam a weblap struktúrát.</p><p>A weboldal moduljai, funkciói:<br />- egyedi, reszponzív arculat tervezése<br />- reszponzív sitebuild (HTML/CSS)<br />- tartalomkezelő (CMS) integrálása<br />- állásajánlat modul (front oldali listázás, adatlap, admin feltöltés)<br />- ajánlatkérés modul (kérések kezelése, listázása adminon)<br />- referenciák és partnerek modulok (egyedi tartalomfeltöltő modulok)<br />- dokumentumtár (admin dokumentum kezelés, front oldali listázás, szűrés, keresés)</p><p>A web02-re kell majd fejleszteni, repo neve: profieldkolcsonzo</p>","profield-mkk","2014-03-26 19:41:56"
99,"unibind.hu",96,"<p><a class=\"external\" href=\"http://www.ntt2000.hu/admin.php\">www.ntt2000.hu/admin.php</a>    <br />gbadmin    <br />gbwebdesign</p>","unibind-hu","2014-03-27 11:19:16"
100,"Csomagautomata microsite",62,"","csomagautomata-microsite","2014-03-27 14:49:22"
101,"FB app",83,"","fb-app","2014-03-27 14:53:58"
102,"Coke Lidl",81,"","coke-lidl","2014-03-28 17:00:59"
104,"MJSZ",96,"","mjsz","2014-04-01 13:12:04"
105,"HeppDental",96,"<p>HeppDental fogszakorvosi rendelő</p>","heppdental","2014-04-02 16:18:07"
106,"Chabrier",17,"<p>Egy ügyvédi iroda (<a class=\"external\" href=\"http://www.chabrier.ch\">www.chabrier.ch</a>) weboldalát kell újratervezni a jelenlegi tartalommal, a jelenlegi arculati elemekkel és stílusban, csak a megjelenítés modernizálásával.</p>","chabrier","2014-04-14 13:53:46"
107,"Wang Mester",96,"","wang-mester","2014-04-14 16:53:47"
109,"FC Lancy",17,"<p>New website for the club.</p><p>Deadline: 1st July 2014</p><p>The project will require:<br />- a unique design for the website <br />- responsive sitebuild<br />- team and player management module<br />- simple webshop (product catalog, basket, order handling - without payment)<br />- newsletter (MailChimp)<br />- calendar module</p>","fc-lancy","2014-04-17 16:35:13"
110,"Polgár optika",96,"","polgar-optika","2014-04-22 11:58:09"
111,"ACE & Company",17,"<p>Befektetési tanácsadó cég oldalának újratervezése.</p>","ace-company","2014-04-24 17:12:38"
112,"Dr.Oetker",33,"","dr-oetker","2014-04-28 13:53:38"
113,"Jet-info",17,"<p>Redesigning and redeveloping the site of a company specialised in IT solutions.</p>","jet-info","2014-04-29 10:43:23"
114,"Eureka",17,"<p>Informatikai szolgáltatásokat nyújtócég weboldalának újradesignolása.</p>","eureka","2014-04-29 11:24:43"
115,"Redmine frontend",418,"<p>redmine felületének bővítése</p><p><a class=\"external\" href=\"http://redminefrontend.web02.dev7.gbart.hu\">http://redminefrontend.web02.dev7.gbart.hu</a><br />belépés: gbadmin / gbwebdesign</p>","redmine-frontend","2014-04-29 15:26:20"
116,"La Reserve",17,"<p>MICHEL REYBIER GROUP SITE: This site will display all the investments of the owner of la reserve.  (<strong>30 September</strong> launch: 28 November)<br />LA RESERVE GROUP HOSPITALITY: To present only the hotels of La Reserve and nothing else.(<strong>30 September</strong>, launch: 20 November)  <br />LA RESERVE GENEVE: The hotel in Geneva (<strong>30 September</strong>)<br />LA RESERVE PARIS: The hotel in Paris that will have to display the hotel and the flats. (<strong>24 October</strong>)<br />LA RESERVE RAMATUELLE: La Reserve in South of France. (<strong>20 November</strong>)<br />LA CHARTREUSE: The private house of the owner in South of France that he rents for the summer to VIP People. (<strong>7 November</strong>)<br />LA RESERVE BLOG: The Blog will have to communicate with the other sites and every time we post something we will need to send it to the other sites in order to create back links between them.</p>","la-reserve","2014-05-05 12:29:58"
117,"Hotel Les Trois Couronnes",17,"<p>Weboldal újradesignolása.</p>","hotel-les-trois-couronnes","2014-05-05 12:35:37"
118,"Client portal",51,"<p>Ügyfél portál kiemelt Delman ügyfeleknek</p>","client-portal","2014-05-05 15:20:37"
119,"Stylestoree",17,"<p>Divatbloggerek webshopjából összegyűjtött termékek számára webshop</p>","stylestoree","2014-05-10 09:44:57"
120,"Happiness Consulting",33,"<p>A Happiness Consulting Internationalhoz tartozó projektek.</p>","happiness-consulting","2014-05-10 14:55:50"
121,"HC-Survey CRM",120,"","hc-survey-crm","2014-05-10 15:09:06"
122,"Jobies",17,"","jobies","2014-05-13 12:35:26"
123,"Wega",17,"<p>WEGA is a producer of a new type of (Mastercard) credit card with extra security</p><p>We are asked to design and create a new website and the client portal.</p>","wega","2014-05-14 12:29:30"
124,"BurnF1 promó site",83,"","burnf1-promo-site","2014-05-14 13:49:33"
125,"Szurkolj velünk",69,"","szurkolj-veluenk","2014-05-16 15:05:42"
126,"Lake master",17,"<p>Új weboldal egy Wakeboard és vizisí központnak.</p>","lake-master","2014-05-19 10:40:05"
127,"CCA tablet & mobil nézetek",46,"","cca-tablet-mobil-nezetek","2014-05-19 14:16:31"
128,"Fitness by California",17,"<p>Új weboldal tervezése fitness központ számára</p>","fitness-by-california","2014-05-19 14:52:29"
129,"Sentinel Lab",17,"<p>Logo és arculat tervezés.</p>","sentinel-lab","2014-05-20 09:37:37"
130,"MailOnTime (a.k.a Mailtimer)",17,"<p>Mobil app iOs-re és Andoidra, amivel időzítetten lehet e-maileket küldeni</p>","mailtimer","2014-05-20 16:47:42"
131,"IBUSZ posztok",1,"","ibusz-posztok","2014-05-21 11:12:33"
132,"BK facebook tab",27,"","bk-facebook-tab","2014-05-21 14:44:21"
133,"FMR Bar",17,"","fmr-bar","2014-05-22 15:06:08"
134,"Bonbonetti",33,"","bonbonetti","2014-05-23 12:13:17"
135,"Rosenwhite",17,"<p>Webshop készítése.</p>","rosenwhite","2014-05-26 12:22:16"
136,"Multibox",96,"","multibox","2014-05-26 12:55:05"
137,"Multitube",136,"","multitube","2014-05-26 12:55:20"
138,"Meyrin FC",17,"<p>Új weboldal készítése a futballklub számára.</p>","meyrin-fc","2014-05-28 22:16:05"
139,"Friskies",56,"","friskies","2014-05-29 16:02:57"
141,"Nestea",33,"","nestea","2014-06-02 14:29:17"
142,"FaceJob",96,"","facejob","2014-06-02 20:52:16"
143,"LED",350,"","led","2014-06-03 12:14:20"
144,"WOM",33,"","wom","2014-06-05 10:33:49"
145,"JAR Tracking ",17,"<p>Flotta kezeléssel és járművekbe beépített telematikai megoldásokkal foglalkozó cég új weboldala.</p>","jar-tracking","2014-06-11 11:57:56"
146,"Goldpartner",96,"","goldpartner","2014-06-11 14:10:33"
147,"FanJune",96,"<p>A weboldalon ruhákat szeretne az ügyfél B2B árulni, azaz viszonteladást tervez.<br />Nagyrészt nagyméretű, idős nőknek készült ruhákat fog forgalmazni.<br />Nem valós webshop lesz, csak termék katalógus.</p>","fanjune","2014-06-12 09:44:13"
148,"Rossmills",17,"<p>Gyűjtőoldal készítése a vállalatcsoport tevékenységeinek bemutatására.</p>","rossmills","2014-06-12 12:30:56"
149,"Goodyear",33,"","goodyear","2014-06-12 15:18:11"
150,"Sonata CMS",418,"<p>Sonata base CMS</p>","sonata-cms","2014-06-16 00:23:52"
151,"Microplane shop",96,"<p>Chezen van az oldal, a <a class=\"external\" href=\"http://www.microplane.hu\">www.microplane.hu</a> mappában</p>","microplane-shop","2014-06-18 11:01:29"
152,"Akadémia kiadó",96,"","akademia-kiado","2014-06-18 11:36:29"
153,"Dronograph",96,"","dronograph","2014-06-18 15:21:00"
154,"Wikeeps",17,"<p>bor minőségének megőrzésére szolgáló termék bemutató oldala(és webshop)</p>","wikeeps","2014-06-18 15:30:47"
155,"Genecand",17,"<p>Catering szolgáltatást nyújtó cég bemutatkozó oldalának újratervezése.</p>","genecand","2014-06-23 15:33:58"
156,"_Kreatív ötlet gyűjtés",418,"<p>&ltp&gtAdott témában egyedi design megoldások gyűjtése.&lt/p&gt</p>","kreativ-oetlet-gyujtes","2014-06-23 17:49:20"
157,"MultiWeb",136,"","multiweb","2014-06-25 14:07:04"
158,"MERSSAD",17,"","merssad","2014-06-26 16:09:11"
159,"Unigestion",17,"<p>Svájci befektetéskezelő cég új honlapjának elkészítése.</p>","unigestion","2014-07-02 10:15:22"
160,"Energia-bróker",96,"<p>C5-ben készült a projekt, még Tibi csinálta. <br />H3-on van.</p><p><a class=\"external\" href=\"http://energia-broker.hu/login\">http://energia-broker.hu/login</a><br />admin<br />gbpass</p>","energia-broker","2014-07-03 13:15:59"
161,"PROBOND",NULL,"<p>A probond első nagy szakasza lezárult 2014. juli. 4-én. Az ezt következő időszakban óraszámelszámolásba mennek a fejelsztések.<br />Abben a projektben követjük nyomon ezeket a fejelsztéseket (support) illetve alprojektbe a garanciális munkákat is.</p>","probond-crm-2014","2014-07-04 14:37:46"
163,"2Pets",96,"<p>Kisállateledel és felszerelés webshop Prestashopban</p>","2pets","2014-07-04 17:11:04"
164,"Planet caviar",17,"<p>Étterem oldalának újra designolása.</p>","planet-caviar","2014-07-07 11:51:17"
165,"RECRM - recruitment crm system",NULL,"<p>Instant (dobozos) recruitment crm rendszer.</p>","recrm-recruitment-crm-system","2014-07-08 10:41:48"
167,"Star Játszóház",96,"<p>Játszóház többnyelvű bemutatkozó oldala</p>","szjh","2014-07-09 10:26:00"
168,"Epicerie Fine Heritage",17,"<p>Wine shop &#38 food webshop</p>","epicerie-fine-heritage","2014-07-09 12:01:19"
169,"JAR Capital",17,"","jar-capital","2014-07-16 11:12:28"
170,"Group Site",116,"<p>Deadline: 30th September</p><p>url: <a class=\"external\" href=\"http://www.lareserve.com\">www.lareserve.com</a></p>","group-site-michel-reybier-hospitality","2014-07-16 14:07:55"
171,"La Reserve Geneva",116,"<p>Launch: 30th September</p><p>url: <a class=\"external\" href=\"http://www.lareserve.ch\">www.lareserve.ch</a></p>","la-reserve-geneva","2014-07-16 14:10:57"
172,"Fanta",33,"","fanta","2014-07-18 13:55:58"
173,"Wizzair",56,"","wizzair","2014-07-21 14:35:47"
174,"GBaRT Management",418,"","gbart-management","2014-07-21 14:39:10"
175,"Budapest Plasztikai Intézet",96,"","budapest-plasztikai-intezet","2014-07-22 17:04:50"
176,"ELMÜ",33,"","elmue","2014-07-23 16:46:27"
177,"Heineken",33,"","heineken","2014-07-24 11:02:45"
178,"Bonathan Technologies",17,"<p>Website for a clean technology investor company.</p>","bonathan-technologies","2014-07-24 12:16:10"
179,"DM",33,"","dm","2014-07-25 18:19:32"
180,"Web SEO Wire",17,"<p>Blog az 8waysnek visszalinkeléshez.</p>","web-seo-wire","2014-07-30 10:17:33"
181,"Játssz velünk és nyerj!",69,"","jatssz-veluenk-es-nyerj","2014-07-30 10:17:56"
182,"Tsé Fung",17,"<p>Websites for an Asian gourmet restaurant.</p><p>- TseFung group (gyűjtőoldal)<br />- TseFung Geneva (étterem bemutató)<br />- TseFung Saint Petersburg (étterem bemutató)</p><p>Deadline to go live: 30 September</p>","tse-fung","2014-08-04 11:10:10"
183,"Tsé Fung Group Page",182,"<p>Group page for the 2 restaurants</p>","tse-fung-group-page","2014-08-04 11:19:37"
184,"Tsé Fung Geneve",182,"<p>Going Live: 16 February</p>","tse-fung-geneve","2014-08-04 11:53:05"
185,"Tsé Fung St Petersburg",182,"","tse-fung-st-petersburg","2014-08-04 11:57:27"
187,"BookBedder",17,"<p>Design and sitebuild project for OneLab's future booking site.</p>","bookbedder","2014-08-06 10:30:32"
189,"GPS",96,"","gps","2014-08-11 10:37:26"
190,"LaReserve HR",116,"","lareserve-hr","2014-08-12 10:41:29"
191,"Allview",96,"","allview","2014-08-12 11:19:08"
192,"Cisel",17,"<p>New website for an IT solutions provider company.</p>","cisel","2014-08-12 14:51:06"
193,"Nikki Beach",201,"","nikki-beach","2014-08-13 17:34:13"
194,"Pillangó Patika",96,"","pillango-patika","2014-08-14 11:38:18"
195,"Energizer",33,"","energizer","2014-08-14 11:46:47"
196,"La Reserve Blog",116,"","la-reserve-blog","2014-08-14 18:03:01"
197,"Micro Express",96,"","micro-express","2014-08-14 20:28:54"
198,"Mahart Passnave",96,"","mahart_turist","2014-08-15 10:17:36"
199,"Gyermekbántalmazás",96,"","gyermekbantalmazas","2014-08-15 12:18:07"
200,"Friends Management",NULL,"<p>FM specializes in total    management of new openings with    the areas of concept, design, build, menus and staff training all provided    under one roof.</p><p>Tasks: <br />- logo for FM- redesign of these sites: <a class=\"external\" href=\"http://friends-managements.com\">http://friends-managements.com</a>,    <a class=\"external\" href=\"http://the-strand.fr\">http://the-strand.fr</a>, <a class=\"external\" href=\"http://www.ermitage-du-riou.fr\">http://www.ermitage-du-riou.fr</a>,    <a class=\"external\" href=\"http://www.brasseriedesarts.com\">http://www.brasseriedesarts.com</a>, <a class=\"external\" href=\"http://www.bistrot-la-truffe.com\">http://www.bistrot-la-truffe.com</a>, <a class=\"external\" href=\"http://www.muse-hotels.com\">http://www.muse-hotels.com</a>, <a class=\"external\" href=\"http://www.villaazurmiami.com\">http://www.villaazurmiami.com</a>,</p>","friends-management","2014-08-15 16:26:18"
201,"Friends Managements",17,"<p>FM specializes    in total management of new openings with the areas of concept, design,    build, menus and staff training    all provided    under one roof.</p><p>Tasks:<br />- create a logo for FM<br />- redesign of these websites:    <a class=\"external\" href=\"http://friends-managements.com\">http://friends-managements.com</a>,    <a class=\"external\" href=\"http://the-strand.fr\">http://the-strand.fr</a>, <a class=\"external\" href=\"http://www.ermitage-du-riou.fr\">http://www.ermitage-du-riou.fr</a>, <a class=\"external\" href=\"http://www.brasseriedesarts.com\">http://www.brasseriedesarts.com</a>, <a class=\"external\" href=\"http://www.bistrot-la-truffe.com\">http://www.bistrot-la-truffe.com</a>, <a class=\"external\" href=\"http://www.muse-hotels.com\">http://www.muse-hotels.com</a>, <a class=\"external\" href=\"http://www.villaazurmiami.com\">http://www.villaazurmiami.com</a>,</p>","friends-managements","2014-08-15 16:31:38"
202,"Uni5",17,"<p>Uni5 SA is company that operates in real estate sector, and commercializes for rent or sale purposes big real estate projects. We need to create their new website.</p>","uni5","2014-08-19 16:24:44"
203,"Swiss Addict",17,"<p>Logo design</p>","swiss-addict","2014-08-21 12:12:18"
204,"Fruit for thoughts",17,"<p>Website for a fresh squeezed fruit juice shop.</p>","fruit-for-thoughts","2014-08-26 17:58:11"
205,"LoyalBank",508,"","loyalbank","2014-08-29 00:36:51"
206,"Budapest sétarepülés",96,"","budapest-setarepueles","2014-08-29 12:38:25"
207,"Globalis partner",17,"<p>New corporal identity and website for an insurance broker company.</p><p>Deadline: 25 September</p>","globalis-partner","2014-09-01 11:35:12"
208,"GIGI",96,"","gigi","2014-09-02 15:33:55"
209,"ACE Client portal",111,"","ace-client-portal","2014-09-02 15:54:50"
210,"Pick 2014 fogyasztói promóció",33,"","pick","2014-09-03 14:03:52"
211,"Talent Advisor",17,"<p>New website for a global investment advice and management company.</p>","talent-advisor","2014-09-03 16:09:06"
212,"De Bethune",17,"<p>New website for a Swiss luxury watch maker company.</p>","de-bethune","2014-09-05 11:34:54"
213,"Trocadero",96,"<p>Üdülés-közvetítés</p>","trocadero","2014-09-09 12:07:51"
214,"Global Terv",96,"","global-terv","2014-09-12 11:23:48"
215,"DeLonghi",56,"","delonghi","2014-09-14 17:01:48"
216,"MailOnTime web",130,"<p>Website to promote the application</p>","mailontime-web","2014-09-16 13:53:10"
217,"Budaörsi Római Katolikus Egyházközség",24,"<p>Honlap re-design a feladat.</p>","budaoersi-romai-katolikus-egyhazkoezseg","2014-09-22 12:46:53"
218,"Dr.György Emília",24,"<p>Tervezni egy logót és egy kisarculatot. Egyelőre elég egy névjegykártya is az ügyvédnőnek.</p>","dr-gyoergy-emilia","2014-09-22 12:49:35"
219,"Sunflower",96,"","sunflower","2014-09-24 13:00:55"
220,"Four Season Property",17,"<p>ez a project elköltözött ide: <a class=\"external\" href=\"http://redmine.assist01.gbart.h3.hu/projects/switzerties\">http://redmine.assist01.gbart.h3.hu/projects/switzerties</a></p>","four-season-property","2014-09-24 17:31:29"
221,"Attar Corporation",17,"<p>Logo and landing page design.</p>","attar-corporation","2014-09-25 14:09:59"
222,"Skylab",202,"<p>Website for a newly built commercial building by Uni5 group.</p><p>Delivery time: 25th October</p>","skylab","2014-09-25 15:34:09"
223,"Swiss Linguist",17,"<p>Website for a translator company.</p><p>Delivery date: 25th October</p>","swiss-linguist","2014-09-25 18:02:16"
224,"OMMIK",96,"","ommik","2014-09-26 10:21:14"
225,"Pick 2014 trade promóció",33,"","pick-2014-trade-promocio","2014-09-29 14:10:15"
226,"Insens",17,"<p>New website for a wellness center.</p>","insens","2014-10-01 10:15:35"
227,"ACE templates",111,"<p>Creating and updating corporate word and powerpoint templates.</p>","ace-templates","2014-10-01 15:39:10"
228,"La Reserve Paris",116,"<p>Website for the Paris hotel.</p>","la-reserve-paris","2014-10-01 16:13:55"
229,"Switzerties",17,"<p>egyszerű ingatlan portál</p>","switzerties","2014-10-03 10:02:26"
230,"Piaget",17,"<p>Website design for a jewellery manufacturer.</p>","piaget","2014-10-03 15:30:37"
231,"Ooops",33,"","ooops","2014-10-06 10:21:06"
232,"Pick reklám",33,"","pick-reklam","2014-10-08 13:11:51"
233,"La Reserve Ramatuelle",116,"<p>New website for the hotel.</p><p>Going live Deadline: 22 March</p>","la-reserve-ramatuelle","2014-10-10 12:30:52"
234,"Geneva Vintage Watch",17,"<p>New website for a vintage watch seller.</p>","geneve-vintage-watch","2014-10-10 16:27:29"
235,"Zempléni kommunikáció",96,"","zempleni-kommunikacio","2014-10-11 14:41:18"
236,"Szféraeurópa",96,"","szferaeuropa","2014-10-16 10:23:06"
237,"HomeGourmet",17,"","home-gourmet","2014-10-16 12:42:32"
238,"Fabienne Gautier ",17,"<p>Create a new website including 2 subsite.</p>","fabienne-gautier","2014-10-18 10:38:06"
239,"Nyerő ünnep",69,"","nyero-uennep","2014-10-20 10:41:41"
241,"PROBOND - FEJLESZTÉSEK",161,"<p>Fejlesztések hónapra bontva, minden  hónapnak van egy saját verziója a feladat mindig az adott hónapra kerül be. A tesztelés külön projektbe zajlik.</p>","probond-havi-fejlesztesek","2014-10-20 11:07:49"
244,"Nyerő játék",62,"","nyero-jatek","2014-10-20 20:31:16"
245,"Pharmacie at home",17,"<p>New website for a medicine distributor and professional advisor team.</p>","pharmacie-at-home","2014-10-22 10:35:09"
246,"Talwinder",17,"","talwinder","2014-10-22 15:48:53"
247,"Rapilium",17,"<p>Rapilium® is a rap compilation that brings together talented artists working in all of Switzerland and engage in the fight against cancer, all for free.</p>","rapilium","2014-10-27 10:49:07"
248,"OMSI",17,"<p>Logo for a medical device distributor.</p>","omsi","2014-10-27 17:52:52"
249,"Mc Donald's",17,"<p>New website design for the Swiss Mc Donald's.</p>","mc-donald-s","2014-10-28 11:13:06"
250,"Superkupon",33,"","superkupon","2014-10-29 10:52:50"
251,"Lasserre",17,"<p>New website for one of the most famous restaurant in Paris.</p>","lasserre","2014-10-29 14:23:44"
252,"Jobies test",122,"<p>Testing processes of Jobies.</p>","jobies-test","2014-11-03 11:00:40"
253,"Panama Advisory Group",17,"<p>Online invoice system and client portal for Panama Advisory Group.</p>","panama-advisory-group","2014-11-06 12:08:27"
254,"Michel Reybier Hospitality",116,"<p><a class=\"external\" href=\"http://www.michelreybierhospitality.com\">www.michelreybierhospitality.com</a></p>","michel-reybier-hospitality","2014-11-07 14:15:35"
255,"Along Came Cindy Blog",17,"<p>Create a design for a lifestyle blog.</p><p>Launching: 10 december</p>","along-came-cindy-blog","2014-11-10 17:23:15"
256,"StreetGourmet",17,"","street-gourmet","2014-11-12 12:34:02"
257,"Decemberi átmeneti promó",86,"","decemberi-atmeneti-promo","2014-11-12 14:09:34"
258,"CIB",56,"","cib","2014-11-13 11:34:50"
259,"Örvény rajz",33,"","oerveny-rajz","2014-11-13 11:46:12"
260,"UnitAid",17,"<p>New website for a WHO financed organization.</p>","unitaid","2014-11-13 14:32:56"
261,"Helvetica Partners",17,"<p>recruitment system for Helvetica Partners<br /><a class=\"external\" href=\"http://www.helvetica-partners.com/\">http://www.helvetica-partners.com/</a></p>","helvetica-partners","2014-11-18 15:15:52"
262,"Aetas",17,"<p>New website for a foundation based on aging researches.</p>","aetas","2014-11-18 18:14:23"
263,"hosting-automation",418,"","h3cpanel","2014-11-21 13:41:40"
264,"BOS Bikes",17,"","bos-bikes","2014-11-26 10:33:49"
265,"Militarytechnics",96,"","militarytechnics","2014-12-01 15:15:50"
266,"British Pantry",96,"","british-pantry","2014-12-02 11:07:54"
267,"CRC",96,"","crc","2014-12-03 11:08:12"
268,"Laptop.hu",96,"<p>A Laptop.hu-hoz tartozó feladatok.</p>","laptop-hu","2014-12-03 12:44:53"
269,"Nordic Life",96,"","nordic-life","2014-12-04 12:33:10"
270,"LoyalBank - content management",205,"","loyalbank-content-management","2014-12-05 16:52:51"
271,"PoziTeam",96,"","poziteam","2014-12-10 13:57:19"
272,"BiOrganic Nutrition",17,"<p>Hannah and her husband (35 years old) ensure the continuity of this vitamin business founded 25 years before by their parents, who are now retiring. They would like to develop the family business and move it online.</p>","biorganic-nutrition","2014-12-12 11:34:25"
274,"Spirithome",96,"","spirithome","2014-12-19 11:34:55"
275,"Sucafina",17,"<p>New website for a coffee brand.</p>","sucafina","2015-01-06 18:54:34"
276,"MyMetics",17,"<p>Mymetics develops next-generation preventative vaccines for infectious diseases.</p><p>Create a new website for a biotechnological company to present the company for potential investors.</p>","mymetics","2015-01-07 10:35:24"
277,"Marketer",33,"","marketer","2015-01-07 15:07:14"
278,"Denise's Burger",17,"<p>New website design for a premium hamburger bar.</p>","denise-s-burger","2015-01-09 10:58:00"
279,"Swiss Property",17,"<p>Website for a real estate development company</p>","swiss-property","2015-01-09 12:43:27"
280,"Bitcoin webshop",96,"","bitcoin-webshop","2015-01-09 14:30:08"
281,"8ways project template",NULL,"","ways-project-template","2015-01-12 09:56:07"
282,"International Cosmetics Distributor",17,"<p>Create a logo for a cosmetic distributor company specialized in cosmetics black skin type.</p>","international-cosmetics-distributor","2015-01-12 10:58:29"
283,"L'École des Roches",17,"<p>New website for a boarding school.</p>","l-ecole-des-roches","2015-01-14 16:41:21"
284,"Heritage Capital",96,"","heritage-capital","2015-01-15 19:46:33"
285,"Luxfero",96,"","luxfero","2015-01-16 11:07:35"
286,"Master Jet",17,"<p>New website for a private jet renting company.</p>","master-jet","2015-01-16 14:26:13"
287,"Ligetmosó",96,"","ligetmoso","2015-01-26 15:26:39"
288,"Kedvezménykuponok készítése",33,"","kedvezmenykuponok-keszitese","2015-01-29 17:45:09"
289,"Kids Voice",17,"<p>New website for a swiss kids talent show.</p><p><strong>Test version: 1st March</strong></p><p><strong>Going live: 15th March</strong></p>","kids-voice","2015-01-30 15:04:02"
292,"Support feladatok",33,"","support-feladatok","2015-02-02 14:01:37"
293,"Nivea - Bárhol otthon",33,"","nivea-marciusi-promo","2015-02-03 10:04:17"
294,"GDF suez",52,"","gdf-suez","2015-02-10 14:07:32"
295,"AD Construction",17,"<p>new website for a building company.</p>","ad-construction","2015-02-10 16:25:09"
296,"H2O",17,"<p>Create logo for an investor comany, investing in movie production.</p>","h2o","2015-02-11 10:29:16"
297,"Coop Parc du Rhône",17,"<p>Website for a commercial center</p>","coop-parc-du-rhone","2015-02-12 10:58:03"
298,"12co",17,"<p>design for a secure mailing system and their promotional website</p>","12co","2015-02-13 14:35:41"
299,"Les Saveurs Du Liban",17,"<p>New website for a libanese restaurant.</p>","les-saveurs-du-liban","2015-02-16 11:08:19"
300,"Nyerő ünnep - Húsvét",69,"","nyero-uennep-husvet","2015-02-23 13:57:44"
301,"Adatrögzítő",19,"","adatroegzito","2015-02-23 17:54:19"
302,"Pénz7",79,"<p>A korábbi ERSTE Facebook játéknak, a PénzÜgyesnek az újraindítása új layouttal és design-nal, minimális funkcionális módosítással.</p>","penz7","2015-02-25 10:19:16"
303,"Cili és Dani esküvői oldal",96,"","cili-es-dani-eskuevoi-oldal","2015-02-25 16:20:47"
304,"ISF",17,"<p>New website concept for the well known seed distributor</p>","isf","2015-02-26 13:44:13"
305,"One FM",17,"<p>flyers for One FM Swiss radio station</p>","one-fm","2015-03-03 12:34:12"
306,"Driving4Free",17,"<p>new website for a car importer company<br /><strong>Deadline: 4th of May</strong></p>","driving4free","2015-03-04 13:21:27"
307,"logitech EDI",69,"","logitech-edi","2015-03-06 18:29:08"
308,"Quotation Generator",418,"","quotation-generator","2015-03-06 18:36:58"
309,"Residence rent",96,"","residence-rent","2015-03-09 15:46:55"
310,"Sparfell",17,"<p>SPARFELL &#38 PARTNERS is an international Aircraft Service Company    that provides different types of services such     as: Acquisition    &#38 Sales - Airliners/ Business Jets/ Helicopters.</p>","sparfell","2015-03-11 11:14:48"
311,"Alive app",17,"","alive-app","2015-03-17 19:59:10"
312,"PROBOND - Backlog",161,"<p>Fejlesztésre váró feladatok listája, specifikációik</p>","probond-backlog","2015-03-20 10:23:10"
315,"Égi lámpás",96,"","egi-lampas","2015-03-25 10:42:38"
317,"Sütidoboz",NULL,"<p>Ridizján for dö moszt bjútiful gasztroblog evör.</p><p>I think we should make it gold...</p>","suetidoboz","2015-03-25 14:21:08"
318,"Dyras",96,"","dyras","2015-03-27 13:54:17"
319,"Malika",17,"<p>Website</p>","malika","2015-03-27 14:38:33"
320,"Avocat Kraus",17,"<p>New website for a law firm.</p>","avocat-kraus","2015-03-27 14:46:04"
321,"ACGi",17,"<p>New website for a real estate company.</p>","acgi","2015-03-27 17:14:29"
326,"First-tech",96,"","first-tech","2015-04-02 16:47:49"
327,"Air Algerie",17,"<p>Website re-design proposal.</p>","air-algerie","2015-04-03 10:46:00"
328,"test7",NULL,"","test7","2015-04-03 10:49:31"
329,"Pouly",17,"<p>Landing page for a bakery.</p>","pouly","2015-04-03 12:41:44"
331,"Labatec",17,"","labatec","2015-04-08 15:54:44"
333,"IPS",205,"","ips","2015-04-13 15:55:43"
334,"Profield corporate site",60,"","profield-corporate-site","2015-04-14 10:22:05"
335,"Bombaüzlet",96,"","bombauezlet","2015-04-16 10:14:26"
336,"Loyalbank.com website",205,"<p><a class=\"external\" href=\"http://loyalbank.web02.dev7.gbart.hu/\">http://loyalbank.web02.dev7.gbart.hu/</a></p>","loyalbank-website","2015-04-20 10:00:44"
337,"Herz",33,"","herz","2015-04-23 11:55:24"
338,"Família",33,"","familia","2015-04-23 12:10:46"
339,"FRK",96,"","frk","2015-04-27 12:24:33"
340,"Luxusautókozmetika",96,"","luxusautokozmetika","2015-04-30 11:39:41"
341,"ACE team portal",111,"<p>A portal for the ACE team for internal use.</p>","ace-team-portal","2015-05-04 13:00:59"
342,"Alutent",96,"<p>Landing page az alutent.hu oldalhoz.</p>","alutent","2015-05-04 15:51:42"
343,"Speedwings",17,"","speedwings","2015-05-04 16:17:09"
344,"Teszt projekt",NULL,"<p>degdetjt</p>","teszt-projekt","2015-05-06 11:20:58"
346,"Mercato",96,"","mercato","2015-05-07 12:29:54"
347,"Fleet Services",96,"","fleet-services","2015-05-07 14:03:09"
348,"Human existence",56,"","human-existence","2015-05-08 12:18:49"
349,"Colombusim.com corp. site",205,"","colombusim-corporate-site","2015-05-08 16:43:35"
350,"Stellar Lighting",96,"","stellar-lighting","2015-05-11 17:57:45"
351,"Herbioticum sebkenőcs",96,"<p>Branding, webfejlesztés</p>","herbioticum-sebkenocs","2015-05-12 09:04:27"
352,"PrestaShop base",418,"<p>A projekt a <a class=\"external\" href=\"http://prestabase.web02.dev7.gbart.hu\">http://prestabase.web02.dev7.gbart.hu</a>  alatt elérhető alaprendszerhez kapcsolódó feladatok gyűjtője.</p>","prestashop-base","2015-05-14 13:53:55"
353,"Flamingo Bar",96,"","flamngo-bar","2015-05-19 09:09:51"
355,"12co microsite",298,"","co-microsite","2015-05-19 13:49:23"
356,"JNC Avocat",17,"","jnc-avocat","2015-05-20 17:49:27"
357,"IPS tasks",205,"","ips-tasks","2015-05-21 11:43:39"
358,"Webstone Ltd.",17,"<p>New website for a SEO provider company.</p>","webstone-ltd","2015-05-22 12:40:27"
359,"Logitech 2015 nyári promó",69,"","logitech-2015-nyari-promo","2015-05-26 15:43:20"
360,"Mahart Tours",96,"","mahartports","2015-05-26 17:08:11"
361,"8Cap demo",442,"<p>Creating a demo financial portal for 8 Ways, so the sales team will be able to better sell these kind of systems.</p>","8cap-demo","2015-05-27 15:26:57"
363,"BFM",17,"<p>Theater in Geneva</p>","bfm","2015-05-29 15:38:03"
365,"Europe Media",96,"","europemedia","2015-06-03 11:29:58"
366,"Bistro Mandarin",107,"","bistromandarin","2015-06-04 12:16:44"
367,"Weisshorn",17,"","weisshorn","2015-06-05 10:47:13"
368,"Colombusim.hu",205,"","colombusim","2015-06-08 15:12:52"
369,"Nest Living",17,"<p>New website for a luxury apartment.</p>","nest-living","2015-06-09 16:55:56"
371,"Johnson & Johnson",33,"","johnson-johnson","2015-06-10 10:21:37"
373,"Aesthetica - mellnagyobbítás portál",24,"","aesthetica-mellnagyobbitas-portal","2015-06-10 13:37:45"
374,"DVM group",96,"","dvm-group","2015-06-10 14:55:21"
375,"Duna Transznacionális Program (DTP, interregdanube)",96,"","duna-transznacionalis-program","2015-06-11 11:11:02"
376,"GBaRT projekt sablon",418,"","gbart-projekt-sablon","2015-06-12 10:13:34"
377,"Mahart info",96,"","mahart-info","2015-06-19 12:13:31"
378,"Aptitudes Placement Sàrl",17,"","aptitudes-placement-sarl","2015-06-23 11:51:20"
379,"Nemzeti Emlékezet Bizottság",24,"","nemzeti-emlekezet-bizottsag","2015-06-24 10:30:26"
380,"Loyalfunds",205,"","loyalfunds","2015-06-24 15:02:56"
381,"Advanced Shields",17,"<p>New website for an investment company.</p>","advanced-shields","2015-06-25 13:49:06"
382,"Mediametrix",79,"","mediametrix","2015-06-29 14:15:25"
383,"Spar promóció",NULL,"","spar-promocio","2015-06-30 15:47:09"
384,"Auchan promóció",371,"","auchan-promocio","2015-06-30 15:47:29"
385,"Kínai konyha",107,"","kinai-konyha","2015-07-01 10:11:59"
386,"Harckocsi",96,"","harckocsi","2015-07-02 10:43:47"
387,"Spar promóció - 1.",371,"","spar-p","2015-07-02 11:26:11"
388,"Máltai befektetési alap",96,"","maltai-befektetesi-alap","2015-07-02 19:42:58"
389,"Michel Reybier",116,"<p><a class=\"external\" href=\"http://www.michelreybier.com\">www.michelreybier.com</a></p>","michel-reybier","2015-07-07 10:42:51"
390,"Logitech 2015 őszi promó",69,"","logitech-2015-oszi-promo","2015-07-07 15:56:08"
391,"Frix",96,"","wexi","2015-07-09 17:29:51"
392,"Ingyenkávégép",5,"","ingyenkavegep","2015-07-13 14:12:29"
393,"Coke Meal - 2015",81,"","coca-cola-spar","2015-07-16 16:53:31"
394,"Global electric factory",96,"","global-electric-factory","2015-07-20 10:54:19"
395,"Szivattyú javítás",96,"","szivattyu-javitas","2015-07-21 12:26:29"
396,"Victoria Jungfrau Collection",17,"<p>New websites for the Victoria Jungfrau Collection hotels.</p>","victoria-jungfrau-collection","2015-07-22 17:28:55"
397,"Le sourire de Lucie",17,"<p>New website for a charity organization.</p>","le-sourire-de-lucie","2015-07-23 15:56:31"
398,"Heritage Capital Fund",96,"","heritage-capital-fund","2015-07-23 16:35:23"
399,"Pick 2015 trade promóció",33,"","pick-2015-fogyasztoi-promocio","2015-07-28 22:47:13"
400,"Hair Medical",17,"<p>Branding package and website for a newly established hair regrowth aesthetic medical center.</p>","hair-medical","2015-07-29 13:50:27"
401,"Investment",96,"","listo","2015-07-29 15:53:43"
402,"Coke Vodafone",81,"","coke-vodafone","2015-07-30 19:03:56"
403,"Pick 2015 fogyasztói promóció",33,"","pick-2015-fogyasztoi-promocio2","2015-08-03 20:29:58"
404,"Capvest",17,"<p>Offline brochure</p>","capvest","2015-08-06 10:50:08"
405,"Eyes Magazine",17,"<p>online version of a printed luxury magazine</p><p>current page:<br><a class=\"external\" href=\"http://www.eyesmagazine.ch/\">http://www.eyesmagazine.ch/</a></p>","eyes-magazine","2015-08-06 11:56:22"
406,"Petrolin",17,"<p>website for an African oil company</p>","petrolin","2015-08-10 10:19:05"
407,"Nulla év",24,"","nulla-ev","2015-08-12 10:34:16"
408,"Addex Therapeutics",17,"<p>New branding and website for a pharmaceutical company.</p>","addex-therapeutics","2015-08-17 11:09:49"
409,"iStudy",17,"<p>webpage of a print magazine with banners and coupons</p>","istudy","2015-08-17 11:26:30"
410,"Abyss World",17,"<p>New website and a webshop for a travel agency specialized on  Scuba Diving.</p>","abyss-world","2015-08-17 15:58:13"
411,"Edvin Marton",96,"","edvin-marton","2015-08-18 11:17:36"
412,"Hajozas",96,"<p>A hajozas.net oldal kap új designt.</p>","hajozas","2015-08-23 10:20:26"
413,"Spar promóció - 2.",371,"","johnson-johnson-3-promocio","2015-08-24 16:09:21"
414,"HSSC",96,"","hssc","2015-09-01 10:02:35"
415,"Vidék történet",24,"","videk-toertenet","2015-09-01 13:49:26"
416,"Hotel du Palais",17,"<p>Presentation site for MRH group's tender for Hotel du Palais.</p>","hotel-du-palais","2015-09-01 16:45:26"
417,"Foodster",96,"","goodforme","2015-09-02 09:52:07"
418,"GBaRT - internal",96,"","gbart-internal","2015-09-04 11:16:31"
420,"Sendy",418,"","sendy","2015-09-04 11:22:39"
421,"Sitebuild Framework",418,"","sitebuild-framework","2015-09-04 11:28:20"
422,"Design",418,"","design","2015-09-04 16:18:11"
423,"Bossmedia",96,"","bossmedia","2015-09-07 13:11:36"
424,"Pizzamonster",96,"","pizzamonster","2015-09-09 17:38:40"
425,"Stella Payment Solutions",205,"","stella-payment-solutions","2015-09-10 10:17:47"
426,"MicroExpress",96,"","microexpress","2015-09-14 13:25:47"
427,"Gérance",17,"<p>Branding and new website for a swiss real estate company.</p>","gerance","2015-09-14 16:28:03"
428,"Bridgestone",33,"","bridgestone","2015-09-15 19:17:15"
429,"Denis Dental",96,"","denis-dental","2015-09-16 18:12:59"
430,"Streetfood & Grill",424,"","streetfood-grill","2015-09-16 18:27:17"
431,"Oil 2015",33,"","oil","2015-09-23 16:33:49"
432,"Lasserre Giftbox",251,"","lasserre-giftbox","2015-09-24 10:44:45"
433,"Le fournil Romand",17,"<p>New website design for a well known Swiss artisan bakery chain.</p>","le-fournil-romand","2015-09-24 10:57:14"
434,"Spice Management",17,"<p>Portfolio: Asset management</p>","spice-management","2015-09-29 13:05:46"
435,"SalesCRM",418,"","salescrm","2015-09-29 22:54:53"
436,"Propaganda",17,"<p>New website for a marketing agency.</p>","propaganda","2015-10-01 14:00:18"
437,"Next Privacy",17,"<p>Data anonymisation and protection</p>","next-privacy","2015-10-06 09:44:48"
438,"Siematic Budapest",96,"","siematic-budapest","2015-10-07 13:12:26"
439,"Audemars Piguet",17,"<p>New icon design for a proposal</p>","audemars-piguet","2015-10-07 14:22:13"
440,"Dankin & Associates",17,"<p>Logo designs for a fiduciary service company.</p>","herrmann-associates","2015-10-08 11:58:27"
441,"RJ Management",17,"","rj-management","2015-10-13 10:26:40"
442,"8Cap Suite",17,"<p>The company sells sophisticated digital solutions</p>","8cap","2015-10-16 17:47:26"
443,"ENTAC",96,"","led-vilagitastechnika","2015-10-20 21:41:43"
444,"Basic Commodities",17,"<p>Branding for a trading company.</p>","basic-commodities","2015-10-21 16:43:04"
445,"Nescens",17,"<p>Website re-design for an anti-aging progarm researcher and developer company.</p>","nescens","2015-10-22 14:48:52"
446,"Logitech 2015 téli promó",69,"","logitech-2015-teli-promo","2015-10-27 12:23:30"
447,"FB Complex",96,"","fb-complex","2015-10-27 16:20:36"
448,"La Reserve Conciergerie",116,"<p>Blog style website for presenting the Conciergerie service of the hotel.</p>","la-reserve-conciergerie","2015-10-28 12:04:00"
449,"SweDent",96,"","swedent","2015-10-29 13:20:43"
450,"8wayscrm - 8cloud.ch",435,"","wayscrm-8cloud-ch","2015-11-02 11:24:34"
451,"MG JOB",122,"<p>Whitelabel system of Jobies for MG JOB</p>","mg-job","2015-11-05 11:51:16"
452,"HTCC",96,"<p>HTCC - Magyar Kereskedelmi és Kulturális Központ</p>","htcc","2015-11-05 13:10:42"
453,"Richemont",17,"","richemont","2015-11-06 12:28:37"
454,"Beaulieu",17,"<p>design project</p>","beaulieu","2015-11-09 11:19:45"
456,"Geneva Airport",17,"","geneva-airport","2015-11-09 16:50:36"
457,"Money Plus Card",205,"","money-plus-card","2015-11-11 18:19:49"
458,"L design",96,"","l-design","2015-11-12 13:02:03"
459,"GBaRT teszt",96,"","gbart-teszt","2015-11-13 14:10:58"
460,"Emmanuel Levain",17,"","emmanuel-levain","2015-11-17 14:25:40"
461,"Wang Happy Noodles",107,"<p>Teljes branding prémium sült tészta kiszállításhoz.</p>","wang-happy-noodles","2015-11-20 10:48:55"
462,"Toute des Championne",17,"<p>Lifestyle blog for a personal trainer</p>","toutes-des-championne","2015-11-20 16:58:36"
463,"Violet",17,"<p>Branding for a luxury children clothing brand.</p>","violet","2015-11-20 17:38:00"
464,"Nestlé",17,"<p>Presentation.</p>","nestle","2015-11-23 15:22:20"
465,"Evyra",17,"<p>simple website for an independent venture capital firm</p>","evyra","2015-11-24 10:08:09"
466,"Roosevelt 7/8",96,"<p>weboldal és offline anyagok egy budapesti prémium irodaház számára</p>","roosevelt-7-8","2015-11-24 13:47:07"
467,"ng-gantt teszt projekt",484,"<p>Az 8ways projekt template-ről készített másolat az ng-gantt kliens fejlesztéséhez és teszteléséhez.</p>","ng-gantt-teszt-projekt","2015-11-26 21:20:34"
468,"PR Directory",453,"<p>Searchable HTML file for their corporate contacts.</p>","pr-directory","2015-11-27 11:42:24"
469,"Autó Kártörténet - AKT",96,"","auto-kartoertenet-akt","2015-11-27 14:50:04"
470,"Edwards Sandwiches",17,"","edwards-sandwiches","2015-12-01 12:03:23"
472,"Váci 1",374,"","vaci-1","2015-12-08 17:18:04"
473,"Baboo",17,"<p>Website for a yoga teacher.</p>","baboo","2015-12-15 17:05:24"
474,"Decimus",17,"<p>Branding for a new fiduciary service.</p>","decimus","2016-01-05 10:28:20"
476,"Cla-Val",17,"<p>Website for Cla-­Val which is the worldwide leader in building Hydraulic Valves for multiple purposes:<br />Ground Fueling in Airport, Industry, Marine, water savings…</p>","cla-val","2016-01-05 11:28:39"
477,"Carré Lumière",17,"","carre-lumiere","2016-01-11 10:45:28"
478,"Perfektum",96,"","perfektum","2016-01-11 11:58:11"
479,"Krimmo",17,"","krimmo","2016-01-11 16:56:05"
480,"Tesco",371,"","tesco","2016-01-11 17:48:45"
481,"Capocaccia",17,"<p>window sticker design for a newly opening restaurant</p>","capocaccia","2016-01-12 15:56:33"
482,"Gyermekfotó",96,"","gyermekfoto","2016-01-13 11:57:30"
483,"Pick 2016 tender",33,"","pick-2016-tender","2016-01-13 15:24:12"
484,"ng-gantt teszt főprojekt",NULL,"<p>immár főprojekt</p>","ng-gantt-teszt-alprojekt","2016-01-13 21:06:19"
485,"ng-gantt teszt alprojekt",484,"<p>Az 8ways projekt template-ről készített másolat az ng-gantt kliens fejlesztéséhez és teszteléséhez.</p>","ng-gantt-teszt-al-projekt","2016-01-13 21:10:52"
486,"The Sand Dollar Sculpture",17,"","the-sand-dollar-sculpture","2016-01-19 15:02:34"
487,"Hotelis",17,"<p>Part of the Interiman group.<br />Recruitment company.</p>","hotelis","2016-01-19 15:10:34"
488,"Turtle Island (Tortuga)",17,"<p>Branding and website for an opening themed playhouse for children.</p>","turtle-island","2017-05-11 12:51:27"
489,"Disconnection Totale",17,"<p>small branding and landing page for a hydraulic valve solution</p>","disconnection-totale","2016-01-21 09:51:36"
490,"Alta Booking",17,"<p>Logo design for a booking system.</p>","alta-booking","2016-01-21 14:16:49"
491,"Arzier",17,"<p>simple C5 real estate website for presenting an apartment house</p>","arzier","2016-01-22 16:39:56"
492,"Zazazou",17,"<p>Shoe shop in Geneva.<br />The aim is to create its webshop.</p>","zazazou","2016-01-22 16:51:14"
493,"Szolnoki baglyok",96,"<p><a class=\"external\" href=\"http://szolnokibaglyokdarts.hu/\">http://szolnokibaglyokdarts.hu/</a></p>","szolnoki-baglyok","2016-01-25 15:02:37"
494,"H Coiffure",17,"","h-coiffure","2016-01-27 10:27:45"
495,"Csillag Dental",96,"","csillag-dental","2016-01-29 11:22:34"
496,"BatYmar",17,"<p>Website for an architect to present their realisations.</p>","batymar","2016-01-29 14:18:22"
497,"NextGen",96,"<p>Next Generations ruházati webshop redesign.</p>","nextgen","2016-02-03 10:54:29"
498,"Giftbox demo",17,"<p>newly branded version of the Lasserre Giftbox for sale purposes</p>","giftbox-demo","2016-02-03 13:25:41"
499,"Felix Constructions",17,"<p>New website for a construction company.</p>","felix-constructions","2016-02-03 18:08:12"
500,"Artizians",536,"","artizians","2016-02-04 10:39:12"
501,"Dr. Zempléni Kinga",96,"","dr-zempleni-kinga","2016-02-05 15:22:46"
502,"Forever Institut",17,"<p>New website for a swiss laser aesthetic surgery.</p>","forever-institut","2016-02-05 16:20:03"
503,"Nivea - tengernyi gondoskodás",33,"","nivea-tengernyi-gondoskodas","2016-02-10 16:19:15"
504,"Amberg Group",17,"<p>New, complex website for Amberg group, Swiss leaders in the in the areas of underground structures, un- derground railways, road and metro tunnels and infrastructure galleries.</p>","amberg-group","2016-02-11 14:40:08"
505,"Myloyex",205,"","myloyex","2016-02-11 16:12:57"
506,"Lonberg",96,"","lonberg","2016-02-15 00:13:51"
507,"Swiss Digital First",17,"<p>New company, partnered with Data First.</p>","swiss-digital-first","2016-02-16 17:04:41"
508,"Profis",96,"","profis","2016-02-19 13:43:36"
509,"Sparfell International Lease Corporation (silc)",310,"<p>Vitrine website for a Sparfell subsidiary.</p><p>Launching: 11 Apr</p>","sparfell-international-lease-corporation","2016-02-19 16:42:44"
510,"Decisive Partners",17,"","decisive-group","2016-02-19 17:56:31"
511,"HomeBistrot",17,"","homebistrot","2016-02-19 18:00:28"
512,"Spacecode",17,"<p>pre-design</p>","spacecode","2016-02-24 10:11:04"
513,"Burn 2016 tavasz",83,"","burn-2016","2016-02-24 18:52:19"
514,"8caps website",442,"<p>website presenting the 8CAPS system</p>","caps-website","2016-02-29 13:04:41"
515,"timelinefixer-demo",NULL,"<p>only for testing the gantt fixer.</p>","timelinefixer-demo","2016-02-29 19:39:31"
516,"Antistressmassage",96,"","antistressmassage","2016-03-02 11:12:04"
517,"COOP Gottaz",17,"<p>Website for a shopping center.</p>","coop-gottaz","2016-03-04 17:26:13"
518,"Concorde",96,"","concorde","2016-03-05 10:24:59"
519,"Mini presentation site",465,"<p>presentation of NAS (new age shisha)</p>","mini-presentation-site","2016-03-07 10:59:57"
520,"edmletter.com ",175,"<p>bppi-s sendy rendszer</p>","edmletter-com","2016-03-07 11:15:19"
521,"Coke HORECA B2C",81,"","coke-horeca","2016-03-07 13:40:37"
522,"ProjectB",96,"","projectb","2016-03-09 15:40:43"
523,"Lartigue",17,"<p>New website for a Parisian art gallery</p>","lartigue","2016-03-11 15:14:22"
524,"Bridgestone vásárlói promóció",428,"","bridgestone-vasarloi-promocio","2016-03-14 08:56:07"
525,"Bridgestone gumiszervizeknek promóció",428,"","bridgestone-gumiszervizeknek-promocio","2016-03-14 08:56:44"
526,"Bridgestone landing",428,"","bridgestone-landing","2016-03-14 09:03:58"
527,"Bridgestone pontgyűjtő",428,"","bridgestone-pontgyujto","2016-03-15 13:43:45"
528,"Chateau les Crostes",17,"","chateau-les-crostes","2016-03-15 17:02:29"
529,"Zoe bar",17,"<p>Logo design</p>","zoe-bar","2016-03-16 18:57:45"
530,"Roosevelt",374,"","roosevelt","2016-03-17 13:04:39"
531,"Banque Gonet",17,"<p>0. version design for a private bank.</p>","banque-gonet","2016-03-18 20:37:11"
532,"LEM",17,"<p>website for a company providing innovative and high quality solutions for measuring electrical parameters</p>","lem","2016-03-25 10:10:25"
533,"Platz",96,"","platz","2016-03-29 10:48:55"
534,"O-I Wine Vision",17,"","o-i-glass","2016-03-29 14:45:04"
535,"Coke Tesco - 2016.",81,"","coke-tesco-2016","2016-04-04 10:28:52"
536,"Starpower",NULL,"<p>Agency in L.A.</p>","starpower","2016-04-04 14:12:17"
537,"Love from Margot Foundation",536,"","love-from-margot-foundation","2016-04-04 14:15:11"
538,"Mike Murphy",536,"","mike-murphy","2016-04-04 14:57:16"
539,"Angular CMS",418,"","angular-cms","2016-04-06 11:20:49"
540,"Coke horeca waiter",81,"","coke-horeca-waiter","2016-04-06 17:37:21"
541,"PR Conference (Connectivity)",453,"<p>Logo and branding for the annual PR Department's conference.</p>","pr-conference","2016-04-07 14:39:04"
542,"Photo Corner",17,"","photo-corner","2016-04-07 15:07:44"
543,"Pharmanuntius",NULL,"","pharmanuntius","2016-04-08 13:11:42"
544," Agence KARACTER",17,"<p>branding and website for an event management agency</p>","agence-karacter","2016-04-11 09:53:24"
545,"My Green Energy",17,"<p>crowdfunding projects</p>","my-green-energy","2016-04-13 10:01:55"
546,"Immo-crowdfunding",545,"","immo-crowdfunding","2016-04-13 10:02:36"
547,"Renovip",17,"<p>Website for a construction company</p>","renovip","2016-04-14 10:33:41"
548,"M3 Real Estate",17,"<p>website for a real estate company</p>","m3-real-estate","2016-04-15 14:05:09"
549,"La Clinique des Alpes",17,"<p>Branding and website for a luxury rehabilitation hospital.</p>","la-clinique-des-alpes","2016-04-15 17:24:09"
550,"TÚK!",96,"<p>A Tanár Úr Kérem! zenekar arculatának és weboldalának tervezése.</p>","tuk","2016-04-20 10:05:58"
551,"Oil 2016",33,"","oil-2016","2016-04-20 13:16:03"
552,"WhiteShield",96,"","whiteshield","2016-04-26 11:12:33"
553,"Spar promóció 3. - 2016. nyár",371,"","spar-promocio-3-2016-junius","2016-04-28 13:25:33"
554,"Promenade Gardens",374,"","promenade-gardens","2016-05-04 10:18:43"
555,"Santoro webshop",58,"<p>santorowebshop.hu</p>","santoro-webshop","2016-05-04 13:41:45"
556,"ASA Turnkey Solutions",NULL,"","asa-turnkey-solutions","2016-05-06 14:19:59"
557,"Jump the line app",556,"","skip-the-line","2016-05-06 14:21:07"
558,"Tini Vagyok",96,"","tini-vagyok","2016-05-12 13:47:08"
559,"World of Waves",17,"<p>Website for a surfing club</p>","world-of-waves","2016-05-13 17:48:57"
560,"MinDigFoci",86,"","antenna-hungaria-2016-foci-jatek","2016-05-18 09:50:11"
561,"Aegon",33,"","aegon","2016-05-18 09:52:10"
562,"BJ Office",17,"<p>New website for an office interior designer and furnisher company.</p>","bj-office","2016-05-19 10:27:52"
563,"Félkarú rabló - 2016 foci-s",86,"","felkaru-rablo-2016-foci-s","2016-05-19 12:17:05"
564,"Loyal Gold",205,"","loyal-gold","2016-05-19 16:45:34"
565,"LATC-svg",205,"","latc-svg","2016-05-19 17:05:13"
566,"Urban Washers",17,"","urban-washers","2016-05-24 11:39:01"
567,"Dreher",584,"","dreher","2016-05-24 23:15:50"
568,"Valeomed",96,"","valeomed","2016-05-26 09:30:10"
569,"Siófood",417,"","siofood","2016-05-30 12:58:40"
570,"listamed.com",391,"","listamed","2016-05-30 14:17:07"
571,"GoldBerryPink",17,"","goldberrypink","2016-05-30 17:04:53"
572,"Szervita",96,"","szervita","2016-06-07 13:12:06"
573,"BSR center",374,"","bsr-center","2016-06-08 16:09:55"
574,"Arany Ászok",584,"","arany-aszok","2016-06-09 17:06:12"
575,"Hirdetés kalkulátor",687,"","hirdetes-kalkulator","2016-06-13 14:45:35"
576,"Kőbányai",584,"","kobanyai","2016-06-15 11:56:09"
577,"Burn 2016 nyár",83,"","burn-2016-nyar","2016-06-20 13:34:55"
581,"MayCo",17,"","mayco","2016-06-20 18:41:27"
582,"Coke Vodafone 2.0",81,"","coke-vodafone-2-0","2016-06-22 10:41:14"
583,"Stickers",96,"","stickers","2016-06-22 16:14:23"
584,"IS Innovative Solutions",96,"","is-innovative-solutions","2016-07-12 16:30:45"
585,"Transform Into Joy",536,"","transform-into-joy","2016-07-13 10:40:41"
586,"Formance",96,"","formance","2016-07-14 13:17:04"
587,"Danone Oikos",33,"","danone","2016-07-15 11:42:46"
588,"La Reserve Paris Apartment",228,"","la-reserve-paris-apartment","2016-07-19 13:31:48"
589,"PCR (Prestige Car Romand)",17,"<p><a class=\"external\" href=\"http://www.p-c-r.ch/\">http://www.p-c-r.ch/</a></p>","pcr-prestige-car-romand","2016-07-20 09:39:34"
590,"Foodster CH",417,"","foodster-ch","2016-07-20 15:16:10"
591,"Kozel",584,"","kozel","2016-07-20 16:17:50"
592,"Jouan de Rham",17,"<p>Vitrine website for a real estate company.</p>","jouan-de-rham","2016-07-20 17:59:56"
593,"Multibrand - 2016",371,"","johnson-johnson-multibrand","2016-07-21 15:18:02"
594,"easyredmine",174,"<p>új redmine hibák és feature requestek gyűjtőhelye</p>",594,"2016-07-27 08:50:43"
595,"Listov_HK",575,"",595,"2016-07-29 09:24:29"
596,"Penny Market",33,"",596,"2016-08-02 12:50:47"
597,"Hot wheels",584,"",597,"2016-08-05 14:48:58"
598,"EasyService",17,"",598,"2016-08-08 15:44:29"
599,"test2",598,"",599,"2016-08-08 15:44:15"
600,"test6",598,"",600,"2016-08-08 15:44:29"
601,"UR Capital",17,"",601,"2016-08-09 11:52:36"
602,"test2",601,"",602,"2016-08-09 11:52:23"
603,"test6",601,"",603,"2016-08-09 11:52:36"
604,"Fisher-Price",584,"",604,"2016-08-09 15:12:36"
605,"Conser Invest",17,"",605,"2016-08-10 08:15:54"
606,"test2",605,"",606,"2016-08-10 08:15:38"
607,"test6",605,"",607,"2016-08-10 08:15:54"
608,"Oodience",838,"",608,"2016-08-15 10:30:38"
609,"Risk Finance",96,"",609,"2016-08-17 07:52:39"
610,"Wear We Belong",17,"",610,"2016-08-17 09:19:07"
611,"test2",610,"",611,"2016-08-17 09:18:55"
612,"test6",610,"",612,"2016-08-17 09:19:07"
613,"Pick 2016 fogyasztói promóció",33,"",613,"2016-08-18 09:05:50"
614,"Mind2Body",17,"",614,"2016-08-19 14:35:55"
615,"test2",614,"",615,"2016-08-19 14:35:41"
616,"test6",614,"",616,"2016-08-19 14:35:55"
617,"Cocacolateszt",33,"",617,"2016-08-22 08:42:34"
618,"Inside Budapest",96,"",618,"2016-08-30 09:48:48"
619,"ACE & Company web 2.0",111,"",619,"2016-09-01 15:52:59"
620,"test2",619,"",620,"2016-09-01 15:52:46"
621,"test6",619,"",621,"2016-09-01 15:52:59"
622,"Custom body workshop",NULL,"",622,"2016-09-01 18:24:18"
623,"Les jardins d'Ehden",17,"",623,"2016-09-06 09:30:59"
624,"test2",623,"",624,"2016-09-06 09:30:43"
625,"test6",623,"",625,"2016-09-06 09:30:59"
626,"Coke Meal - 2016",81,"",626,"2016-09-10 12:59:15"
627,"Pick 2016 trade promóció",33,"",627,"2016-09-12 18:16:40"
628,"Horizon Development",374,"",628,"2016-09-16 16:11:40"
629,"Univer",33,"",629,"2016-09-20 16:35:59"
630,"Horváth Rozi brand site",33,"",630,"2016-09-21 11:28:19"
631,"Shay",NULL,"",631,"2016-09-26 08:54:38"
632,"MyDreams",631,"",632,"2016-09-26 08:54:49"
634,"Renov'up",17,"",634,"2016-09-27 08:34:04"
635,"test2",634,"",635,"2016-09-27 08:33:46"
636,"test6",634,"",636,"2016-09-27 08:34:04"
637,"Monoqi",17,"",637,"2016-09-29 11:43:23"
638,"test2",637,"",638,"2016-09-29 11:43:03"
639,"test6",637,"",639,"2016-09-29 11:43:23"
640,"Lions Club",17,"<p>centennial website for Lions Club on the occasion of their 100th birthday</p>",640,"2016-10-05 08:12:56"
641,"test2",640,"",641,"2016-10-05 08:12:36"
642,"test6",640,"",642,"2016-10-05 08:12:56"
643,"C5 base",NULL,"<p>C5-höz kapcsolódó fejlesztések</p>",643,"2016-10-06 09:12:31"
644,"Loyexpro",205,"",644,"2016-10-10 08:51:40"
645,"King Bau",96,"",645,"2016-10-11 08:48:04"
663,"MPO",17,"",663,"2016-10-13 09:53:31"
664,"8ways project test",NULL,"",664,"2016-10-13 09:54:50"
665,"Les Trois Phéniciens (Gibran, 3P)",17,"",665,"2016-10-14 15:25:54"
666,"digitLINE",96,"<p>Thomas-os projekt.</p>",666,"2016-10-17 12:55:52"
667,"MarkoCrackers",96,"<p>Thomas projektje, nem mi fejlesztettük.</p>",667,"2016-10-17 12:57:31"
668,"Pöttyös",33,"",668,"2016-10-18 11:30:41"
669,"Thomas projektjei",96,"",669,"2016-10-18 15:50:30"
670,"Burn Pimp Your House",83,"<p>info@burnpimpyourhouse.hu</p>",670,"2016-10-18 16:04:43"
672,"Barbie",96,"",672,"2016-10-25 08:04:42"
673,"RobToth",838,"",673,"2016-10-25 09:59:03"
674,"Inexto",17,"",674,"2016-10-26 08:26:12"
675,"LnL",96,"",675,"2016-10-26 12:01:20"
676,"8WAYS.HU",NULL,"",676,"2016-10-28 14:36:47"
677,"Ptilara",17,"",677,"2016-11-02 10:33:09"
678,"Stellar Lighting blog",350,"",678,"2016-11-08 17:04:38"
679,"Dubai",96,"",679,"2016-11-09 14:29:11"
680,"Dubai prezi",679,"",680,"2016-11-09 14:31:10"
681,"Készülj.hu",371,"",681,"2016-11-11 15:52:17"
682,"VALLAT Groupe",17,"",682,"2016-11-14 12:27:47"
683,"Ricola - 2017 tavasz",33,"",683,"2016-11-14 16:59:23"
684,"Prodiak.hu",96,"",684,"2016-11-15 22:52:57"
685,"Flottaman",96,"",685,"2016-11-17 17:27:15"
686,"Corgi (borntobe)",96,"",686,"2016-11-18 10:24:35"
687,"Hirdetési megoldások",96,"",687,"2016-11-18 14:11:13"
688,"Maggi",33,"",688,"2016-11-18 14:51:22"
689,"M2B",17,"",689,"2016-11-24 09:33:34"
690,"ONYX",17,"<p>Website for Wealth Management company</p>",690,"2016-11-24 11:47:52"
691,"EuroStreeFurniture",365,"",691,"2016-11-30 08:56:39"
692,"REWART",NULL,"",692,"2016-12-01 15:49:59"
693,"Aegon",692,"",693,"2016-12-01 15:52:33"
694,"Antenna Hungária",692,"",694,"2016-12-01 15:52:44"
695,"Alcatel",692,"",695,"2016-12-01 15:52:56"
696,"Bridgestone",692,"",696,"2016-12-01 15:53:25"
697,"Coke",692,"",697,"2016-12-01 15:53:32"
698,"Decathlon",692,"",698,"2016-12-01 15:53:39"
699,"Dr. Oetker",692,"",699,"2016-12-01 15:53:45"
700,"Friesland",692,"",700,"2016-12-01 15:53:53"
701,"Goodyear",692,"",701,"2016-12-01 15:54:00"
702,"JnJ",692,"",702,"2016-12-01 15:54:07"
703,"Kotányi",692,"",703,"2016-12-01 15:54:14"
704,"Magyar Termék",692,"",704,"2016-12-01 15:54:21"
705,"Nestlé",692,"",705,"2016-12-01 15:54:27"
706,"OIL Mabanaft",692,"",706,"2016-12-01 15:54:33"
707,"Pick",692,"",707,"2016-12-01 15:54:39"
708,"Ricola",692,"",708,"2016-12-01 15:54:45"
709,"Spar",692,"",709,"2016-12-01 15:54:50"
710,"Superkupon",692,"",710,"2016-12-01 15:54:59"
711,"Tchibo",692,"",711,"2016-12-01 15:55:04"
712,"Univer",692,"",712,"2016-12-01 15:55:09"
713,"Penny",692,"",713,"2016-12-01 15:55:14"
714,"Beiersdorf NIVEA",692,"",714,"2016-12-01 15:55:22"
715,"Baba-Mama Program",693,"",715,"2016-12-01 16:09:08"
716,"Aegon online",693,"",716,"2016-12-01 16:09:16"
717,"Aegon sales ösztönző",693,"",717,"2016-12-01 16:09:25"
718,"Antenna Hungária Loyalty program",694,"",718,"2016-12-01 16:09:46"
719,"Bridgestone Facebook",696,"",719,"2016-12-01 16:10:16"
720,"Bridgestone First Stop Facebook",696,"",720,"2016-12-01 16:10:22"
721,"Daytone árajánlat",696,"",721,"2016-12-01 16:10:28"
722,"Bridgestone adatbázis Call Center",696,"",722,"2016-12-01 16:10:33"
723,"Bridgestone Nyári",696,"",723,"2016-12-01 16:10:39"
724,"Bridgestone Téli",696,"",724,"2016-12-01 16:10:44"
725,"Coke summer promotion",697,"",725,"2016-12-01 16:10:54"
726,"Netre szomjazol? 3.0",697,"",726,"2016-12-01 16:11:00"
727,"BURN",697,"",727,"2016-12-01 16:11:07"
728,"Nestea",697,"",728,"2016-12-01 16:11:13"
729,"Coke játékszabályzat",697,"",729,"2016-12-01 16:11:19"
730,"Pöttyös",700,"",730,"2016-12-01 16:11:34"
731,"Frico",700,"",731,"2016-12-01 16:11:44"
732,"Goodyear Facebook",701,"",732,"2016-12-01 16:11:54"
733,"Goodyear Premio Facebook",701,"",733,"2016-12-01 16:12:00"
734,"Johnson&Johnson Get Ready promotion",702,"",734,"2016-12-01 16:12:12"
735,"Horváth Rozi site",703,"",735,"2016-12-01 16:12:25"
736,"Horváth Rozi Facebook",703,"",736,"2016-12-01 16:12:32"
737,"Horváth Rozi csomagolás design",703,"",737,"2016-12-01 16:12:38"
738,"Kotányi Facebook",703,"",738,"2016-12-01 16:13:37"
739,"KOTÁNYI Országos promóció",703,"<p>2017.10.20.-12.21.</p>",739,"2016-12-01 16:13:43"
740,"Kotányi WOM",703,"",740,"2016-12-01 16:13:48"
741,"Kotányi Séf Akadémia",703,"",741,"2016-12-01 16:13:53"
742,"Kotányi recept applikáció",703,"",742,"2016-12-01 16:13:58"
743,"Balaton",705,"",743,"2016-12-01 16:14:09"
744,"Maggi kocka",705,"",744,"2016-12-01 16:14:16"
745,"Pick digitális project",707,"",745,"2016-12-01 16:14:28"
746,"HERZ WOM",707,"",746,"2016-12-01 16:14:33"
747,"Ricola",708,"",747,"2016-12-01 16:15:00"
748,"Ricola nemzetközi",708,"",748,"2016-12-01 16:15:06"
749,"SPARKupon",709,"",749,"2016-12-01 16:15:15"
750,"Superkupon",710,"",750,"2016-12-01 16:15:31"
751,"Univer Star Wars",712,"",751,"2016-12-01 16:15:48"
754,"Karszalag kampány",715,"",754,"2016-12-02 14:42:39"
755,"REWART WEBSITE",692,"<p>REWART új WEBSITE</p>",755,"2016-12-02 15:37:40"
756,"8WAYS.CH",17,"",756,"2016-12-02 19:10:51"
757,"Aegon Karszalag",693,"",757,"2016-12-05 17:44:57"
758,"Adonis",17,"",758,"2016-12-06 13:57:08"
759,"Marenco",17,"",759,"2016-12-06 14:42:00"
761,"Danone Loyalty 2017",692,"",761,"2016-12-09 15:43:28"
762,"PICK Őszi 2016",707,"",762,"2016-12-12 10:20:13"
763,"Coke Spar",697,"",763,"2016-12-12 10:33:29"
764,"REWART FÜZET ",692,"",764,"2016-12-12 12:42:17"
765,"REWART XMAS ",692,"",765,"2016-12-12 14:16:16"
766,"Pilet & Renaud",17,"",766,"2016-12-13 08:14:07"
767,"Bamboo paper",96,"",767,"2016-12-13 09:08:21"
768,"Vállalkozz.info",458,"",768,"2016-12-14 09:11:35"
769,"SARANTIS",692,"",769,"2016-12-14 09:20:54"
770,"Bosquet Fleurs",17,"",770,"2016-12-21 11:11:47"
771,"DrivingCar",17,"",771,"2016-12-21 11:14:43"
772,"Goldberry",17,"",772,"2017-01-02 13:30:44"
773,"STATISZTIKA",692,"",773,"2017-01-02 15:15:54"
774,"Tissot Immobilier",17,"",774,"2017-01-03 14:47:01"
775,"Inexto web",674,"",775,"2017-01-05 08:38:11"
776,"PICK B2B loyalty 2017",707,"<p>WEB-SHOP alapú „Kereskedői  LOYALTY</p>",776,"2017-01-13 13:46:35"
778,"Areda",17,"",778,"2017-01-16 09:11:55"
779,"Caminoteca",423,"",779,"2017-01-17 13:24:04"
780,"Amram Capital",17,"",780,"2017-01-25 13:24:05"
781,"Sullana",17,"",781,"2017-01-17 16:43:15"
782,"Gelatiamo",33,"",782,"2017-01-19 13:17:04"
783,"Nutella",584,"",783,"2017-01-26 10:38:09"
784,"budmil",NULL,"",784,"2017-01-30 09:41:44"
785,"budmil",692,"",785,"2017-01-30 09:43:02"
786,"Color Dreams",96,"",786,"2017-01-30 09:57:11"
787,"FANTA",697,"",787,"2017-01-30 10:02:22"
788,"Rewart project template",NULL,"",788,"2017-01-30 12:50:22"
789,"Bonduelle",692,"",789,"2017-02-03 10:55:39"
790,"Bonduelle Loyalty 2.0 - Pontgyűjtő",789,"<p>Kereskedői pontgyűjtő füzet</p>s",790,"2017-02-03 10:56:40"
791,"Landliebe",700,"",791,"2017-02-03 12:42:21"
792,"Alcatel",33,"",792,"2017-02-06 08:32:25"
793,"Máté fotó optika",96,"",793,"2017-02-06 09:21:27"
794,"Ad Village",96,"",794,"2017-02-06 13:20:19"
795,"8ways project template",17,"",795,"2017-02-06 17:40:19"
796,"SanaNeo",17,"",796,"2017-02-06 17:41:01"
797,"REWART WEBSITE Folytat",755,"",797,"2017-02-08 07:27:45"
798,"Sauber",423,"",798,"2017-02-08 08:27:13"
799,"Magyar Termék",33,"",799,"2017-02-09 09:44:11"
800,"Egyéni feladatok",NULL,"",800,"2017-02-14 10:45:26"
801,"Apollo Energy Gum",584,"",801,"2017-02-14 13:30:52"
802,"NCP1 2017",727,"<p>Burn tavaszi fesztiválos promó</p>",802,"2017-02-14 15:30:34"
803,"Leaderspa",NULL,"",803,"2017-02-14 16:23:21"
804,"Probond - MK",161,"<p>A megrendeléskezelőnek készülő subproject.</p>",804,"2017-02-15 15:10:03"
805,"AdEaters",96,"",805,"2017-02-16 20:44:34"
806,"Interiman",17,"",806,"2017-02-20 09:07:31"
807,"Euromedic",692,"",807,"2017-02-20 14:46:54"
808,"Horváth Rozi régiós promó",703,"",808,"2017-02-22 12:39:35"
809,"Car saddles",96,"",809,"2017-02-23 15:44:51"
810,"Burn Light up your summer",83,"",810,"2017-03-01 15:48:29"
811,"Clinique Podologique",17,"",811,"2017-03-03 14:21:49"
812,"Euromedic",33,"",812,"2017-03-06 12:35:38"
813,"Kertvédelem",96,"",813,"2017-03-07 15:15:47"
814,"Rewart project template",NULL,"",814,"2017-01-30 12:50:22"
816,"Ragonese",692,"",816,"2017-03-14 07:20:45"
817,"BSS",NULL,"",817,"2017-03-16 09:04:02"
818,"Buda Gardens",374,"",818,"2017-03-20 11:21:20"
820,"Rewart project template",96,"",820,"2017-03-20 14:02:32"
821,"Koffeinservice",5,"",821,"2017-03-21 09:36:13"
822,"Prevot",NULL,"",822,"2017-03-22 08:59:57"
823,"Coty",692,"",823,"2017-03-22 10:16:42"
824,"Coke&Grill",697,"<p>2017.06-07.</p><p>60 nap</p><p>multipack fóliájában található egyedi kód feltöltése napi és heti nyereményekkel</p><p>kooperáció: Weber és Kotányi</p>",824,"2017-03-22 12:24:42"
825,"Coke grill",81,"",825,"2017-03-23 13:09:21"
826,"IDUN LOOR",17,"",826,"2017-03-30 08:47:53"
827,"Boudo Art",96,"",827,"2017-03-29 08:42:41"
828,"We Love Kreatív",692,"",828,"2017-03-30 09:28:06"
829,"Coke summer",81,"",829,"2017-03-31 09:02:50"
830,"Békatutaj",NULL,"",830,"2017-04-05 09:12:47"
831,"Redmine Tracker",418,"<p>Download: NAS/l/projects/GBaRT/RedmineTracker/</p><p>Web: http://redminefrontend.web02.dev7.gbart.hu/tracker/#!/</p><p> </p>",831,"2017-04-07 12:57:06"
832,"Tracker",NULL,"",832,"2017-04-10 07:54:28"
833,"Thyssenkrupp-Stainless",96,"",833,"2017-04-10 12:17:56"
834,"Horváth Rozi - régiós promó",33,"",834,"2017-04-12 07:48:21"
835,"Rewart test project",NULL,"",835,"2017-04-12 08:20:10"
836,"Mesterkonyha",458,"",836,"2017-04-18 08:11:06"
837,"Argento",96,"",837,"2017-04-18 13:02:15"
838,"Rob",NULL,"",838,"2017-04-19 12:38:15"
839,"OONU",838,"",839,"2017-04-19 12:40:02"
840,"Playground",NULL,"<p>This is a project for testing tools which using the Redmine API</p>",840,"2017-04-21 12:07:27"
841,"Dreher 2017",584,"",841,"2017-04-21 15:30:59"
842,"Risk Finance microsite",609,"",842,"2017-04-25 08:08:52"
843,"AdEaters Landing page",805,"",843,"2017-04-25 14:30:27"
844,"Ozzie",NULL,"",844,"2017-04-26 06:59:24"
845,"CIF-Doing Good",697,"",845,"2017-04-28 12:04:27"
846,"Detki",NULL,"",846,"2017-05-03 09:23:14"
847,"Vizes VB",694,"",847,"2017-05-05 08:37:12"
848,"GBART Tracker",NULL,"<p>Ez a tracker és az ahhozkapcsolódó feladatok projektje</p>",848,"2017-05-05 09:53:21"
849,"Uzemeltetes",418,"",849,"2017-05-05 12:24:28"
850,"Karácsonyi promóció",699,"",850,"2017-05-10 08:36:23"
851,"Epayzz",508,"",851,"2017-05-11 08:36:55"
852,"Mary-Ker Pasta",692,"",852,"2017-05-11 12:28:15"
853,"Coke Telekom",81,"",853,"2017-05-11 15:59:11"
854,"AdEaters Dubai",805,"",854,"2017-05-12 09:34:14"
855,"Lamborghini",17,"",855,"2017-05-16 07:11:23"
856,"Q10",714,"",856,"2017-05-18 11:10:43"
857,"8ways sub",664,"",857,"2017-05-18 13:57:55"
858,"TeenInk",NULL,"",858,"2017-05-18 20:39:54"
859,"Ricola 2017-2018",708,"",859,"2017-05-19 14:32:01"
860,"Vizes VB",86,"",860,"2017-05-22 14:17:54"
861,"Arany Ászok 2017",584,"",861,"2017-05-24 15:06:43"
862,"Ripli Zsuzsanna",458,"",862,"2017-05-29 09:55:13"
863,"Herz SPAR ",707,"",863,"2017-05-30 12:37:54"
864,"hotmomsclub.com",838,"",864,"2017-05-31 18:24:10"
865,"Általános promós kérések",692,"",865,"2017-06-01 07:22:23"
866,"NaturAqua Emotion",697,"",866,"2017-06-02 11:34:10"
867,"Axbo",38,"",867,"2017-06-07 09:58:30"
868,"Kőbányai 2017",584,"",868,"2017-06-09 11:50:26"
869,"Cappy",33,"",869,"2017-06-13 15:46:12"
870,"Mars",692,"",870,"2017-06-14 13:16:35"
871,"Logitech 2017 - F1",69,"",871,"2017-06-15 13:59:15"
872,"Family Beach",96,"",872,"2017-06-21 13:19:23"
873,"Naturaqua Emotion",33,"",873,"2017-06-26 10:44:39"
874,"Horváth Rozi országos promó",703,"",874,"2017-07-04 09:03:22"
875,"Korostej Hajdu sajt",692,"",875,"2017-07-04 12:16:45"
876,"Five4success",33,"",876,"2017-07-05 16:06:19"
877,"Landliebe",33,"",877,"2017-07-05 19:11:19"
878,"Enchantimals",584,"",878,"2017-07-07 12:22:25"
879,"Glo-Story",96,"",879,"2017-07-11 13:46:06"
880,"Kotányi",33,"",880,"2017-07-20 11:26:16"
881,"Hungaropharma",692,"",881,"2017-07-20 13:04:00"
882,"Austin.com",838,"",882,"2017-07-21 08:52:34"
883,"Horváth Rozi országos promóció",33,"",883,"2017-07-28 08:30:20"
884,"Partyssimo",96,"",884,"2017-08-02 07:04:46"
885,"Hajdú sajt",33,"",885,"2017-08-02 09:38:09"
886,"Iván Fenyő",838,"",886,"2017-08-07 16:33:57"
888,"Cappy 2018",697,"",888,"2017-08-15 13:52:46"
889,"Ristorante pizza&Coca-Cola",692,"",889,"2017-08-15 13:58:51"
890,"Terápia Másképp (demo project)",96,"<p>http://terapiamaskepp.hu/</p><p>1st template project</p>",890,"2017-08-18 07:49:42"
891,"Pick 2017 - Együtt egy asztalnál",33,"",891,"2017-08-23 09:11:28"
892,"Ricola - 2017 ősz",33,"",892,"2017-08-23 14:35:49"
893,"Bridgestone vásárlói promóció 2017",428,"",893,"2017-08-28 08:05:55"
894,"PrestaShop base 1.7.x",352,"<p>A projekt a <a href=\"http://http://prestabase17.staging.web05.dev.gbart.hu/admin-dev\">http://http://prestabase17.staging.web05.dev.gbart.hu/admin-dev</a> alatt elérhető alaprendszerhez kapcsolódó feladatok gyűjtője.</p>",894,"2017-08-28 14:04:02"
895,"PICK 2017 - Közös családi pillanatok promó",707,"",895,"2017-08-30 11:34:40"
896,"HARRIS",NULL,"",896,"2017-09-04 10:04:01"
897,"Paid Surveys at Home",896,"",897,"2017-09-04 10:04:37"
898,"Click4Surveys",896,"",898,"2017-09-04 10:34:56"
899,"Opportunity Trade",96,"",899,"2017-09-05 09:33:40"
900,"Kotányi országos promóció",880,"",900,"2017-09-06 11:46:43"
901,"Hungaropharma",33,"",901,"2017-09-07 08:24:08"
902,"Schlumberger /Tradeforce",692,"<p>AP kódos promó a Tesco-ban, a Schlumberger pezsgőnek</p>",902,"2017-09-07 10:59:29"
903,"Dr. Oetker Ristorante pizza&Coke co-promo",699,"",903,"2017-09-08 08:47:28"
904,"Teszt_0918",692,"",904,"2017-09-18 07:47:12"
905,"Buffalo Antique",96,"",905,"2017-09-21 08:05:26"
906,"Magyar Termék 2018",704,"",906,"2017-09-25 14:35:50"
907,"4MyDog Store",96,"",907,"2017-09-26 16:04:50"